Timestamp;(left_eye_origin.x,left_eye_origin.y,left_eye_origin.z);(left_eye_gaze.x,left_eye_gaze.y,left_eye_gaze.z);(right_eye_origin.x,right_eye_origin.y,right_eye_origin.z);(right_eye_gaze.x,right_eye_gaze.y,right_eye_gaze.z);(combined_eye_origin.x,combined_eye_origin.y,combined_eye_origin.z);(combined_eye_gaze.x,combined_eye_gaze.y,combined_eye_gaze.z);(Camera_position.x,Camera_position.y,Camera_position.z);(Camera_rotation.x,Camera_rotation.y,Camera_rotation.z,Camera_rotation.w);(hitpoint.x,hitpoint.y,hitpoint.z);hitpoint_name;messages;
0.31668;(-0.03100, 0.00000, -0.02600);(0.24300, 0.00000, 0.97003);(0.02900, 0.00000, -0.02600);(-0.24300, 0.00000, 0.97003);(-0.00100, 0.00000, -0.02600);(0.00000, 0.00000, 0.97003);(-0.659, 0.887, 1.435);(-0.062, -0.133, 0.007, 0.989);(-1.369, 1.210, 4.000);Walls;StartTrial207stim0;
0.35113;(-0.03100, 0.00000, -0.02600);(0.24300, 0.00000, 0.97003);(0.02900, 0.00000, -0.02600);(-0.24300, 0.00000, 0.97003);(-0.00100, 0.00000, -0.02600);(0.00000, 0.00000, 0.97003);(-0.659, 0.887, 1.435);(-0.062, -0.133, 0.007, 0.989);(-1.369, 1.210, 4.000);Walls;
0.36232;(-0.03100, 0.00000, -0.02600);(0.24300, 0.00000, 0.97003);(0.02900, 0.00000, -0.02600);(-0.24300, 0.00000, 0.97003);(-0.00100, 0.00000, -0.02600);(0.00000, 0.00000, 0.97003);(-0.659, 0.887, 1.435);(-0.062, -0.133, 0.007, 0.989);(-1.369, 1.211, 4.000);Walls;
0.36494;(-0.03100, 0.00000, -0.02600);(0.24300, 0.00000, 0.97003);(0.02900, 0.00000, -0.02600);(-0.24300, 0.00000, 0.97003);(-0.00100, 0.00000, -0.02600);(0.00000, 0.00000, 0.97003);(-0.659, 0.887, 1.435);(-0.062, -0.133, 0.007, 0.989);(-1.369, 1.211, 4.000);Walls;
0.37302;(-0.03100, 0.00000, -0.02600);(0.24300, 0.00000, 0.97003);(0.02900, 0.00000, -0.02600);(-0.24300, 0.00000, 0.97003);(-0.00100, 0.00000, -0.02600);(0.00000, 0.00000, 0.97003);(-0.659, 0.887, 1.435);(-0.062, -0.133, 0.007, 0.989);(-1.369, 1.210, 4.000);Walls;
0.38168;(-0.03100, 0.00000, -0.02600);(0.24300, 0.00000, 0.97003);(0.02900, 0.00000, -0.02600);(-0.24300, 0.00000, 0.97003);(-0.00100, 0.00000, -0.02600);(0.00000, 0.00000, 0.97003);(-0.659, 0.887, 1.435);(-0.062, -0.133, 0.007, 0.989);(-1.369, 1.210, 4.000);Walls;
0.39011;(-0.03100, 0.00000, -0.02600);(0.24300, 0.00000, 0.97003);(0.02900, 0.00000, -0.02600);(-0.24300, 0.00000, 0.97003);(-0.00100, 0.00000, -0.02600);(0.00000, 0.00000, 0.97003);(-0.659, 0.887, 1.435);(-0.062, -0.133, 0.007, 0.989);(-1.369, 1.210, 4.000);Walls;
0.39779;(-0.03100, 0.00000, -0.02600);(0.24300, 0.00000, 0.97003);(0.02900, 0.00000, -0.02600);(-0.24300, 0.00000, 0.97003);(-0.00100, 0.00000, -0.02600);(0.00000, 0.00000, 0.97003);(-0.658, 0.886, 1.435);(-0.062, -0.133, 0.007, 0.989);(-1.369, 1.210, 4.000);Walls;
0.40682;(-0.03100, 0.00000, -0.02600);(0.24300, 0.00000, 0.97003);(0.02900, 0.00000, -0.02600);(-0.24300, 0.00000, 0.97003);(-0.00100, 0.00000, -0.02600);(0.00000, 0.00000, 0.97003);(-0.658, 0.886, 1.435);(-0.062, -0.133, 0.007, 0.989);(-1.369, 1.209, 4.000);Walls;
0.41469;(-0.03100, 0.00000, -0.02600);(0.24300, 0.00000, 0.97003);(0.02900, 0.00000, -0.02600);(-0.24300, 0.00000, 0.97003);(-0.00100, 0.00000, -0.02600);(0.00000, 0.00000, 0.97003);(-0.659, 0.887, 1.435);(-0.062, -0.133, 0.007, 0.989);(-1.369, 1.210, 4.000);Walls;
0.42402;(-0.03100, 0.00000, -0.02600);(0.24300, 0.00000, 0.97003);(0.02900, 0.00000, -0.02600);(-0.24300, 0.00000, 0.97003);(-0.00100, 0.00000, -0.02600);(0.00000, 0.00000, 0.97003);(-0.659, 0.887, 1.435);(-0.062, -0.133, 0.007, 0.989);(-1.369, 1.210, 4.000);Walls;
0.43260;(-0.03100, 0.00000, -0.02600);(0.24300, 0.00000, 0.97003);(0.02900, 0.00000, -0.02600);(-0.24300, 0.00000, 0.97003);(-0.00100, 0.00000, -0.02600);(0.00000, 0.00000, 0.97003);(-0.659, 0.887, 1.435);(-0.062, -0.133, 0.007, 0.989);(-1.369, 1.210, 4.000);Walls;
0.44084;(-0.03100, 0.00000, -0.02600);(0.24300, 0.00000, 0.97003);(0.02900, 0.00000, -0.02600);(-0.24300, 0.00000, 0.97003);(-0.00100, 0.00000, -0.02600);(0.00000, 0.00000, 0.97003);(-0.659, 0.887, 1.435);(-0.062, -0.133, 0.007, 0.989);(-1.369, 1.209, 4.000);Walls;
0.45007;(-0.03100, 0.00000, -0.02600);(0.24300, 0.00000, 0.97003);(0.02900, 0.00000, -0.02600);(-0.24300, 0.00000, 0.97003);(-0.00100, 0.00000, -0.02600);(0.00000, 0.00000, 0.97003);(-0.659, 0.887, 1.435);(-0.062, -0.133, 0.007, 0.989);(-1.369, 1.209, 4.000);Walls;
0.46499;(-0.03100, 0.00000, -0.02600);(0.24300, 0.00000, 0.97003);(0.02900, 0.00000, -0.02600);(-0.24300, 0.00000, 0.97003);(-0.00100, 0.00000, -0.02600);(0.00000, 0.00000, 0.97003);(-0.659, 0.887, 1.435);(-0.062, -0.133, 0.007, 0.989);(-1.369, 1.209, 4.000);Walls;
0.46858;(-0.03100, 0.00000, -0.02600);(0.24300, 0.00000, 0.97003);(0.02900, 0.00000, -0.02600);(-0.24300, 0.00000, 0.97003);(-0.00100, 0.00000, -0.02600);(0.00000, 0.00000, 0.97003);(-0.659, 0.887, 1.435);(-0.062, -0.133, 0.007, 0.989);(-1.369, 1.209, 4.000);Walls;
0.47679;(-0.03100, 0.00000, -0.02600);(0.24300, 0.00000, 0.97003);(0.02900, 0.00000, -0.02600);(-0.24300, 0.00000, 0.97003);(-0.00100, 0.00000, -0.02600);(0.00000, 0.00000, 0.97003);(-0.659, 0.887, 1.435);(-0.062, -0.133, 0.007, 0.989);(-1.370, 1.209, 4.000);Walls;
0.48548;(-0.03100, 0.00000, -0.02600);(0.24300, 0.00000, 0.97003);(0.02900, 0.00000, -0.02600);(-0.24300, 0.00000, 0.97003);(-0.00100, 0.00000, -0.02600);(0.00000, 0.00000, 0.97003);(-0.659, 0.887, 1.435);(-0.062, -0.133, 0.007, 0.989);(-1.370, 1.209, 4.000);Walls;
0.49342;(-0.03100, 0.00000, -0.02600);(0.24300, 0.00000, 0.97003);(0.02900, 0.00000, -0.02600);(-0.24300, 0.00000, 0.97003);(-0.00100, 0.00000, -0.02600);(0.00000, 0.00000, 0.97003);(-0.659, 0.887, 1.435);(-0.062, -0.133, 0.007, 0.989);(-1.369, 1.209, 4.000);Walls;
0.50225;(-0.03100, 0.00000, -0.02600);(0.24300, 0.00000, 0.97003);(0.02900, 0.00000, -0.02600);(-0.24300, 0.00000, 0.97003);(-0.00100, 0.00000, -0.02600);(0.00000, 0.00000, 0.97003);(-0.659, 0.887, 1.435);(-0.062, -0.133, 0.007, 0.989);(-1.369, 1.209, 4.000);Walls;
0.51224;(-0.03100, 0.00000, -0.02600);(0.24300, 0.00000, 0.97003);(0.02900, 0.00000, -0.02600);(-0.24300, 0.00000, 0.97003);(-0.00100, 0.00000, -0.02600);(0.00000, 0.00000, 0.97003);(-0.659, 0.887, 1.435);(-0.062, -0.133, 0.007, 0.989);(-1.369, 1.209, 4.000);Walls;
0.51911;(-0.03100, 0.00000, -0.02600);(0.24300, 0.00000, 0.97003);(0.02900, 0.00000, -0.02600);(-0.24300, 0.00000, 0.97003);(-0.00100, 0.00000, -0.02600);(0.00000, 0.00000, 0.97003);(-0.659, 0.887, 1.435);(-0.062, -0.133, 0.007, 0.989);(-1.369, 1.209, 4.000);Walls;
0.52809;(-0.03100, 0.00000, -0.02600);(0.24300, 0.00000, 0.97003);(0.02900, 0.00000, -0.02600);(-0.24300, 0.00000, 0.97003);(-0.00100, 0.00000, -0.02600);(0.00000, 0.00000, 0.97003);(-0.659, 0.887, 1.435);(-0.062, -0.133, 0.007, 0.989);(-1.369, 1.208, 4.000);Walls;
0.53618;(-0.03100, 0.00000, -0.02600);(0.24300, 0.00000, 0.97003);(0.02900, 0.00000, -0.02600);(-0.24300, 0.00000, 0.97003);(-0.00100, 0.00000, -0.02600);(0.00000, 0.00000, 0.97003);(-0.659, 0.887, 1.435);(-0.062, -0.133, 0.007, 0.989);(-1.369, 1.208, 4.000);Walls;
0.54425;(-0.03100, 0.00000, -0.02600);(0.24300, 0.00000, 0.97003);(0.02900, 0.00000, -0.02600);(-0.24300, 0.00000, 0.97003);(-0.00100, 0.00000, -0.02600);(0.00000, 0.00000, 0.97003);(-0.659, 0.887, 1.435);(-0.062, -0.133, 0.007, 0.989);(-1.369, 1.208, 4.000);Walls;
0.55334;(-0.03100, 0.00000, -0.02600);(0.24300, 0.00000, 0.97003);(0.02900, 0.00000, -0.02600);(-0.24300, 0.00000, 0.97003);(-0.00100, 0.00000, -0.02600);(0.00000, 0.00000, 0.97003);(-0.659, 0.887, 1.435);(-0.062, -0.133, 0.007, 0.989);(-1.369, 1.208, 4.000);Walls;
0.56120;(-0.03100, 0.00000, -0.02600);(0.24300, 0.00000, 0.97003);(0.02900, 0.00000, -0.02600);(-0.24300, 0.00000, 0.97003);(-0.00100, 0.00000, -0.02600);(0.00000, 0.00000, 0.97003);(-0.659, 0.887, 1.435);(-0.062, -0.133, 0.007, 0.989);(-1.369, 1.208, 4.000);Walls;
0.57057;(-0.03100, 0.00000, -0.02600);(0.24300, 0.00000, 0.97003);(0.02900, 0.00000, -0.02600);(-0.24300, 0.00000, 0.97003);(-0.00100, 0.00000, -0.02600);(0.00000, 0.00000, 0.97003);(-0.659, 0.887, 1.435);(-0.061, -0.133, 0.007, 0.989);(-1.369, 1.208, 4.000);Walls;
0.57940;(-0.03100, 0.00000, -0.02600);(0.24300, 0.00000, 0.97003);(0.02900, 0.00000, -0.02600);(-0.24300, 0.00000, 0.97003);(-0.00100, 0.00000, -0.02600);(0.00000, 0.00000, 0.97003);(-0.659, 0.887, 1.435);(-0.061, -0.133, 0.007, 0.989);(-1.369, 1.208, 4.000);Walls;
0.58755;(-0.03100, 0.00000, -0.02600);(0.24300, 0.00000, 0.97003);(0.02900, 0.00000, -0.02600);(-0.24300, 0.00000, 0.97003);(-0.00100, 0.00000, -0.02600);(0.00000, 0.00000, 0.97003);(-0.659, 0.887, 1.435);(-0.061, -0.133, 0.007, 0.989);(-1.369, 1.208, 4.000);Walls;
0.59611;(-0.03100, 0.00000, -0.02600);(0.24300, 0.00000, 0.97003);(0.02900, 0.00000, -0.02600);(-0.24300, 0.00000, 0.97003);(-0.00100, 0.00000, -0.02600);(0.00000, 0.00000, 0.97003);(-0.659, 0.887, 1.435);(-0.061, -0.133, 0.007, 0.989);(-1.369, 1.208, 4.000);Walls;
0.60523;(-0.03100, 0.00000, -0.02600);(0.24300, 0.00000, 0.97003);(0.02900, 0.00000, -0.02600);(-0.24300, 0.00000, 0.97003);(-0.00100, 0.00000, -0.02600);(0.00000, 0.00000, 0.97003);(-0.659, 0.887, 1.435);(-0.061, -0.133, 0.007, 0.989);(-1.369, 1.208, 4.000);Walls;
0.61294;(-0.03100, 0.00000, -0.02600);(0.24300, 0.00000, 0.97003);(0.02900, 0.00000, -0.02600);(-0.24300, 0.00000, 0.97003);(-0.00100, 0.00000, -0.02600);(0.00000, 0.00000, 0.97003);(-0.659, 0.887, 1.435);(-0.061, -0.133, 0.007, 0.989);(-1.369, 1.208, 4.000);Walls;
0.62189;(-0.03100, 0.00000, -0.02600);(0.24300, 0.00000, 0.97003);(0.02900, 0.00000, -0.02600);(-0.24300, 0.00000, 0.97003);(-0.00100, 0.00000, -0.02600);(0.00000, 0.00000, 0.97003);(-0.659, 0.887, 1.435);(-0.061, -0.133, 0.007, 0.989);(-1.369, 1.208, 4.000);Walls;
0.62988;(-0.03100, 0.00000, -0.02600);(0.24300, 0.00000, 0.97003);(0.02900, 0.00000, -0.02600);(-0.24300, 0.00000, 0.97003);(-0.00100, 0.00000, -0.02600);(0.00000, 0.00000, 0.97003);(-0.658, 0.887, 1.435);(-0.061, -0.133, 0.007, 0.989);(-1.369, 1.208, 4.000);Walls;
0.64195;(-0.03100, 0.00000, -0.02600);(0.24300, 0.00000, 0.97003);(0.02900, 0.00000, -0.02600);(-0.24300, 0.00000, 0.97003);(-0.00100, 0.00000, -0.02600);(0.00000, 0.00000, 0.97003);(-0.658, 0.887, 1.435);(-0.061, -0.133, 0.007, 0.989);(-1.369, 1.207, 4.000);Walls;
0.64995;(-0.03100, 0.00000, -0.02600);(0.24300, 0.00000, 0.97003);(0.02900, 0.00000, -0.02600);(-0.24300, 0.00000, 0.97003);(-0.00100, 0.00000, -0.02600);(0.00000, 0.00000, 0.97003);(-0.658, 0.887, 1.435);(-0.061, -0.133, 0.007, 0.989);(-1.369, 1.207, 4.000);Walls;
0.65869;(-0.03100, 0.00000, -0.02600);(0.24300, 0.00000, 0.97003);(0.02900, 0.00000, -0.02600);(-0.24300, 0.00000, 0.97003);(-0.00100, 0.00000, -0.02600);(0.00000, 0.00000, 0.97003);(-0.659, 0.887, 1.435);(-0.061, -0.133, 0.007, 0.989);(-1.369, 1.207, 4.000);Walls;
0.66653;(-0.03100, 0.00000, -0.02600);(0.24300, 0.00000, 0.97003);(0.02900, 0.00000, -0.02600);(-0.24300, 0.00000, 0.97003);(-0.00100, 0.00000, -0.02600);(0.00000, 0.00000, 0.97003);(-0.659, 0.887, 1.435);(-0.061, -0.133, 0.007, 0.989);(-1.369, 1.207, 4.000);Walls;
0.67543;(-0.03100, 0.00000, -0.02600);(0.24300, 0.00000, 0.97003);(0.02900, 0.00000, -0.02600);(-0.24300, 0.00000, 0.97003);(-0.00100, 0.00000, -0.02600);(0.00000, 0.00000, 0.97003);(-0.659, 0.887, 1.435);(-0.061, -0.133, 0.007, 0.989);(-1.369, 1.207, 4.000);Walls;
0.68311;(-0.03100, 0.00000, -0.02600);(0.24300, 0.00000, 0.97003);(0.02900, 0.00000, -0.02600);(-0.24300, 0.00000, 0.97003);(-0.00100, 0.00000, -0.02600);(0.00000, 0.00000, 0.97003);(-0.659, 0.887, 1.435);(-0.061, -0.133, 0.007, 0.989);(-1.369, 1.207, 4.000);Walls;
0.69125;(-0.03100, 0.00000, -0.02600);(0.24300, 0.00000, 0.97003);(0.02900, 0.00000, -0.02600);(-0.24300, 0.00000, 0.97003);(-0.00100, 0.00000, -0.02600);(0.00000, 0.00000, 0.97003);(-0.659, 0.887, 1.435);(-0.061, -0.133, 0.007, 0.989);(-1.369, 1.207, 4.000);Walls;
0.69987;(-0.03100, 0.00000, -0.02600);(0.24300, 0.00000, 0.97003);(0.02900, 0.00000, -0.02600);(-0.24300, 0.00000, 0.97003);(-0.00100, 0.00000, -0.02600);(0.00000, 0.00000, 0.97003);(-0.659, 0.887, 1.435);(-0.061, -0.133, 0.007, 0.989);(-1.369, 1.207, 4.000);Walls;
0.70803;(-0.03100, 0.00000, -0.02600);(0.24300, 0.00000, 0.97003);(0.02900, 0.00000, -0.02600);(-0.24300, 0.00000, 0.97003);(-0.00100, 0.00000, -0.02600);(0.00000, 0.00000, 0.97003);(-0.658, 0.887, 1.435);(-0.061, -0.133, 0.007, 0.989);(-1.369, 1.207, 4.000);Walls;
0.71844;(-0.03100, 0.00000, -0.02600);(0.24300, 0.00000, 0.97003);(0.02900, 0.00000, -0.02600);(-0.24300, 0.00000, 0.97003);(-0.00100, 0.00000, -0.02600);(0.00000, 0.00000, 0.97003);(-0.658, 0.887, 1.435);(-0.061, -0.133, 0.007, 0.989);(-1.369, 1.206, 4.000);Walls;
0.72574;(-0.03100, 0.00000, -0.02600);(0.24300, 0.00000, 0.97003);(0.02900, 0.00000, -0.02600);(-0.24300, 0.00000, 0.97003);(-0.00100, 0.00000, -0.02600);(0.00000, 0.00000, 0.97003);(-0.658, 0.887, 1.435);(-0.061, -0.133, 0.007, 0.989);(-1.369, 1.206, 4.000);Walls;
0.73381;(-0.03100, 0.00000, -0.02600);(0.24300, 0.00000, 0.97003);(0.02900, 0.00000, -0.02600);(-0.24300, 0.00000, 0.97003);(-0.00100, 0.00000, -0.02600);(0.00000, 0.00000, 0.97003);(-0.659, 0.887, 1.435);(-0.061, -0.133, 0.007, 0.989);(-1.369, 1.207, 4.000);Walls;
0.74251;(-0.03100, 0.00000, -0.02600);(0.24300, 0.00000, 0.97003);(0.02900, 0.00000, -0.02600);(-0.24300, 0.00000, 0.97003);(-0.00100, 0.00000, -0.02600);(0.00000, 0.00000, 0.97003);(-0.659, 0.887, 1.435);(-0.061, -0.133, 0.007, 0.989);(-1.369, 1.206, 4.000);Walls;
0.75042;(-0.03100, 0.00000, -0.02600);(0.24300, 0.00000, 0.97003);(0.02900, 0.00000, -0.02600);(-0.24300, 0.00000, 0.97003);(-0.00100, 0.00000, -0.02600);(0.00000, 0.00000, 0.97003);(-0.659, 0.887, 1.435);(-0.061, -0.133, 0.007, 0.989);(-1.369, 1.207, 4.000);Walls;
0.75863;(-0.03100, 0.00000, -0.02600);(0.24300, 0.00000, 0.97003);(0.02900, 0.00000, -0.02600);(-0.24300, 0.00000, 0.97003);(-0.00100, 0.00000, -0.02600);(0.00000, 0.00000, 0.97003);(-0.659, 0.887, 1.435);(-0.061, -0.133, 0.007, 0.989);(-1.369, 1.207, 4.000);Walls;
0.76708;(-0.03100, 0.00000, -0.02600);(0.24300, 0.00000, 0.97003);(0.02900, 0.00000, -0.02600);(-0.24300, 0.00000, 0.97003);(-0.00100, 0.00000, -0.02600);(0.00000, 0.00000, 0.97003);(-0.659, 0.887, 1.435);(-0.061, -0.133, 0.007, 0.989);(-1.369, 1.207, 4.000);Walls;
0.77524;(-0.03100, 0.00000, -0.02600);(0.24300, 0.00000, 0.97003);(0.02900, 0.00000, -0.02600);(-0.24300, 0.00000, 0.97003);(-0.00100, 0.00000, -0.02600);(0.00000, 0.00000, 0.97003);(-0.659, 0.887, 1.435);(-0.061, -0.133, 0.007, 0.989);(-1.369, 1.206, 4.000);Walls;
0.78317;(-0.03100, 0.00000, -0.02600);(0.24300, 0.00000, 0.97003);(0.02900, 0.00000, -0.02600);(-0.24300, 0.00000, 0.97003);(-0.00100, 0.00000, -0.02600);(0.00000, 0.00000, 0.97003);(-0.659, 0.887, 1.435);(-0.061, -0.133, 0.007, 0.989);(-1.369, 1.206, 4.000);Walls;
0.79218;(-0.03100, 0.00000, -0.02600);(0.24300, 0.00000, 0.97003);(0.02900, 0.00000, -0.02600);(-0.24300, 0.00000, 0.97003);(-0.00100, 0.00000, -0.02600);(0.00000, 0.00000, 0.97003);(-0.659, 0.887, 1.435);(-0.061, -0.133, 0.007, 0.989);(-1.369, 1.206, 4.000);Walls;
0.80041;(-0.03100, 0.00000, -0.02600);(0.24300, 0.00000, 0.97003);(0.02900, 0.00000, -0.02600);(-0.24300, 0.00000, 0.97003);(-0.00100, 0.00000, -0.02600);(0.00000, 0.00000, 0.97003);(-0.659, 0.887, 1.435);(-0.061, -0.133, 0.007, 0.989);(-1.369, 1.206, 4.000);Walls;
0.80916;(-0.03100, 0.00000, -0.02600);(0.24300, 0.00000, 0.97003);(0.02900, 0.00000, -0.02600);(-0.24300, 0.00000, 0.97003);(-0.00100, 0.00000, -0.02600);(0.00000, 0.00000, 0.97003);(-0.658, 0.887, 1.435);(-0.061, -0.133, 0.007, 0.989);(-1.369, 1.206, 4.000);Walls;
0.81695;(-0.03100, 0.00000, -0.02600);(0.24300, 0.00000, 0.97003);(0.02900, 0.00000, -0.02600);(-0.24300, 0.00000, 0.97003);(-0.00100, 0.00000, -0.02600);(0.00000, 0.00000, 0.97003);(-0.658, 0.886, 1.435);(-0.061, -0.133, 0.007, 0.989);(-1.369, 1.205, 4.000);Walls;
0.82499;(-0.03100, 0.00000, -0.02600);(0.24300, 0.00000, 0.97003);(0.02900, 0.00000, -0.02600);(-0.24300, 0.00000, 0.97003);(-0.00100, 0.00000, -0.02600);(0.00000, 0.00000, 0.97003);(-0.658, 0.886, 1.435);(-0.061, -0.133, 0.007, 0.989);(-1.369, 1.205, 4.000);Walls;
0.83369;(-0.03100, 0.00000, -0.02600);(0.24300, 0.00000, 0.97003);(0.02900, 0.00000, -0.02600);(-0.24300, 0.00000, 0.97003);(-0.00100, 0.00000, -0.02600);(0.00000, 0.00000, 0.97003);(-0.659, 0.887, 1.435);(-0.061, -0.133, 0.007, 0.989);(-1.369, 1.206, 4.000);Walls;
0.84181;(-0.03100, 0.00000, -0.02600);(0.24300, 0.00000, 0.97003);(0.02900, 0.00000, -0.02600);(-0.24300, 0.00000, 0.97003);(-0.00100, 0.00000, -0.02600);(0.00000, 0.00000, 0.97003);(-0.659, 0.887, 1.435);(-0.061, -0.133, 0.007, 0.989);(-1.369, 1.206, 4.000);Walls;
0.85004;(-0.03100, 0.00000, -0.02600);(0.24300, 0.00000, 0.97003);(0.02900, 0.00000, -0.02600);(-0.24300, 0.00000, 0.97003);(-0.00100, 0.00000, -0.02600);(0.00000, 0.00000, 0.97003);(-0.658, 0.887, 1.435);(-0.061, -0.133, 0.007, 0.989);(-1.369, 1.205, 4.000);Walls;
0.85900;(-0.03100, 0.00000, -0.02600);(0.24300, 0.00000, 0.97003);(0.02900, 0.00000, -0.02600);(-0.24300, 0.00000, 0.97003);(-0.00100, 0.00000, -0.02600);(0.00000, 0.00000, 0.97003);(-0.658, 0.886, 1.435);(-0.061, -0.133, 0.007, 0.989);(-1.369, 1.205, 4.000);Walls;
0.86696;(-0.03100, 0.00000, -0.02600);(0.24300, 0.00000, 0.97003);(0.02900, 0.00000, -0.02600);(-0.24300, 0.00000, 0.97003);(-0.00100, 0.00000, -0.02600);(0.00000, 0.00000, 0.97003);(-0.659, 0.887, 1.435);(-0.061, -0.133, 0.007, 0.989);(-1.369, 1.205, 4.000);Walls;
0.87586;(-0.03100, 0.00000, -0.02600);(0.24300, 0.00000, 0.97003);(0.02900, 0.00000, -0.02600);(-0.24300, 0.00000, 0.97003);(-0.00100, 0.00000, -0.02600);(0.00000, 0.00000, 0.97003);(-0.659, 0.887, 1.435);(-0.061, -0.133, 0.008, 0.989);(-1.369, 1.205, 4.000);Walls;
0.88388;(-0.03100, 0.00000, -0.02600);(0.24300, 0.00000, 0.97003);(0.02900, 0.00000, -0.02600);(-0.24300, 0.00000, 0.97003);(-0.00100, 0.00000, -0.02600);(0.00000, 0.00000, 0.97003);(-0.659, 0.887, 1.435);(-0.061, -0.133, 0.008, 0.989);(-1.369, 1.205, 4.000);Walls;
0.89192;(-0.03100, 0.00000, -0.02600);(0.24300, 0.00000, 0.97003);(0.02900, 0.00000, -0.02600);(-0.24300, 0.00000, 0.97003);(-0.00100, 0.00000, -0.02600);(0.00000, 0.00000, 0.97003);(-0.659, 0.887, 1.435);(-0.061, -0.133, 0.008, 0.989);(-1.369, 1.205, 4.000);Walls;
0.90048;(-0.03100, 0.00000, -0.02600);(0.24300, 0.00000, 0.97003);(0.02900, 0.00000, -0.02600);(-0.24300, 0.00000, 0.97003);(-0.00100, 0.00000, -0.02600);(0.00000, 0.00000, 0.97003);(-0.659, 0.887, 1.435);(-0.061, -0.133, 0.008, 0.989);(-1.369, 1.205, 4.000);Walls;
0.90864;(-0.03100, 0.00000, -0.02600);(0.24300, 0.00000, 0.97003);(0.02900, 0.00000, -0.02600);(-0.24300, 0.00000, 0.97003);(-0.00100, 0.00000, -0.02600);(0.00000, 0.00000, 0.97003);(-0.659, 0.887, 1.435);(-0.061, -0.133, 0.008, 0.989);(-1.369, 1.205, 4.000);Walls;
0.91864;(-0.03100, 0.00000, -0.02600);(0.24300, 0.00000, 0.97003);(0.02900, 0.00000, -0.02600);(-0.24300, 0.00000, 0.97003);(-0.00100, 0.00000, -0.02600);(0.00000, 0.00000, 0.97003);(-0.659, 0.887, 1.435);(-0.061, -0.133, 0.008, 0.989);(-1.369, 1.205, 4.000);Walls;
0.92597;(-0.03100, 0.00000, -0.02600);(0.24300, 0.00000, 0.97003);(0.02900, 0.00000, -0.02600);(-0.24300, 0.00000, 0.97003);(-0.00100, 0.00000, -0.02600);(0.00000, 0.00000, 0.97003);(-0.658, 0.887, 1.435);(-0.061, -0.133, 0.008, 0.989);(-1.369, 1.204, 4.000);Walls;
0.93378;(-0.03100, 0.00000, -0.02600);(0.24300, 0.00000, 0.97003);(0.02900, 0.00000, -0.02600);(-0.24300, 0.00000, 0.97003);(-0.00100, 0.00000, -0.02600);(0.00000, 0.00000, 0.97003);(-0.658, 0.887, 1.435);(-0.061, -0.133, 0.008, 0.989);(-1.369, 1.204, 4.000);Walls;
0.94256;(-0.03100, 0.00000, -0.02600);(0.24300, 0.00000, 0.97003);(0.02900, 0.00000, -0.02600);(-0.24300, 0.00000, 0.97003);(-0.00100, 0.00000, -0.02600);(0.00000, 0.00000, 0.97003);(-0.658, 0.887, 1.435);(-0.061, -0.133, 0.008, 0.989);(-1.369, 1.204, 4.000);Walls;
0.95060;(-0.03100, 0.00000, -0.02600);(0.24300, 0.00000, 0.97003);(0.02900, 0.00000, -0.02600);(-0.24300, 0.00000, 0.97003);(-0.00100, 0.00000, -0.02600);(0.00000, 0.00000, 0.97003);(-0.659, 0.887, 1.435);(-0.061, -0.133, 0.008, 0.989);(-1.369, 1.204, 4.000);Walls;
0.95862;(-0.03100, 0.00000, -0.02600);(0.24300, 0.00000, 0.97003);(0.02900, 0.00000, -0.02600);(-0.24300, 0.00000, 0.97003);(-0.00100, 0.00000, -0.02600);(0.00000, 0.00000, 0.97003);(-0.659, 0.887, 1.435);(-0.061, -0.133, 0.008, 0.989);(-1.369, 1.204, 4.000);Walls;
0.96836;(-0.03100, 0.00000, -0.02600);(0.24300, 0.00000, 0.97003);(0.02900, 0.00000, -0.02600);(-0.24300, 0.00000, 0.97003);(-0.00100, 0.00000, -0.02600);(0.00000, 0.00000, 0.97003);(-0.659, 0.887, 1.435);(-0.061, -0.133, 0.008, 0.989);(-1.369, 1.204, 4.000);Walls;
0.97648;(-0.03100, 0.00000, -0.02600);(0.24300, 0.00000, 0.97003);(0.02900, 0.00000, -0.02600);(-0.24300, 0.00000, 0.97003);(-0.00100, 0.00000, -0.02600);(0.00000, 0.00000, 0.97003);(-0.659, 0.887, 1.435);(-0.061, -0.133, 0.008, 0.989);(-1.369, 1.204, 4.000);Walls;
0.98449;(-0.03100, 0.00000, -0.02600);(0.24300, 0.00000, 0.97003);(0.02900, 0.00000, -0.02600);(-0.24300, 0.00000, 0.97003);(-0.00100, 0.00000, -0.02600);(0.00000, 0.00000, 0.97003);(-0.659, 0.887, 1.435);(-0.061, -0.133, 0.008, 0.989);(-1.369, 1.204, 4.000);Walls;
0.99385;(-0.03100, 0.00000, -0.02600);(0.24300, 0.00000, 0.97003);(0.02900, 0.00000, -0.02600);(-0.24300, 0.00000, 0.97003);(-0.00100, 0.00000, -0.02600);(0.00000, 0.00000, 0.97003);(-0.658, 0.887, 1.435);(-0.061, -0.133, 0.008, 0.989);(-1.368, 1.203, 4.000);Walls;
1.00214;(-0.03100, 0.00000, -0.02600);(0.24300, 0.00000, 0.97003);(0.02900, 0.00000, -0.02600);(-0.24300, 0.00000, 0.97003);(-0.00100, 0.00000, -0.02600);(0.00000, 0.00000, 0.97003);(-0.658, 0.887, 1.435);(-0.061, -0.133, 0.008, 0.989);(-1.368, 1.203, 4.000);Walls;
1.01103;(-0.03100, 0.00000, -0.02600);(0.24300, 0.00000, 0.97003);(0.02900, 0.00000, -0.02600);(-0.24300, 0.00000, 0.97003);(-0.00100, 0.00000, -0.02600);(0.00000, 0.00000, 0.97003);(-0.659, 0.887, 1.435);(-0.061, -0.133, 0.008, 0.989);(-1.369, 1.204, 4.000);Walls;
1.02004;(-0.03100, 0.00000, -0.02600);(0.24300, 0.00000, 0.97003);(0.02900, 0.00000, -0.02600);(-0.24300, 0.00000, 0.97003);(-0.00100, 0.00000, -0.02600);(0.00000, 0.00000, 0.97003);(-0.659, 0.887, 1.435);(-0.061, -0.133, 0.008, 0.989);(-1.369, 1.204, 4.000);Walls;
1.02786;(-0.03100, 0.00000, -0.02600);(0.24300, 0.00000, 0.97003);(0.02900, 0.00000, -0.02600);(-0.24300, 0.00000, 0.97003);(-0.00100, 0.00000, -0.02600);(0.00000, 0.00000, 0.97003);(-0.659, 0.887, 1.435);(-0.061, -0.133, 0.008, 0.989);(-1.369, 1.203, 4.000);Walls;
1.03676;(-0.03100, 0.00000, -0.02600);(0.24300, 0.00000, 0.97003);(0.02900, 0.00000, -0.02600);(-0.24300, 0.00000, 0.97003);(-0.00100, 0.00000, -0.02600);(0.00000, 0.00000, 0.97003);(-0.659, 0.887, 1.435);(-0.061, -0.133, 0.008, 0.989);(-1.369, 1.203, 4.000);Walls;
1.04547;(-0.03100, 0.00000, -0.02600);(0.24300, 0.00000, 0.97003);(0.02900, 0.00000, -0.02600);(-0.24300, 0.00000, 0.97003);(-0.00100, 0.00000, -0.02600);(0.00000, 0.00000, 0.97003);(-0.659, 0.887, 1.435);(-0.061, -0.133, 0.008, 0.989);(-1.369, 1.203, 4.000);Walls;
1.05385;(-0.03100, 0.00000, -0.02600);(0.24300, 0.00000, 0.97003);(0.02900, 0.00000, -0.02600);(-0.24300, 0.00000, 0.97003);(-0.00100, 0.00000, -0.02600);(0.00000, 0.00000, 0.97003);(-0.659, 0.887, 1.435);(-0.061, -0.133, 0.008, 0.989);(-1.369, 1.203, 4.000);Walls;
1.06255;(-0.03100, 0.00000, -0.02600);(0.24300, 0.00000, 0.97003);(0.02900, 0.00000, -0.02600);(-0.24300, 0.00000, 0.97003);(-0.00100, 0.00000, -0.02600);(0.00000, 0.00000, 0.97003);(-0.659, 0.887, 1.435);(-0.061, -0.133, 0.008, 0.989);(-1.369, 1.203, 4.000);Walls;
1.07090;(-0.03100, 0.00000, -0.02600);(0.24300, 0.00000, 0.97003);(0.02900, 0.00000, -0.02600);(-0.24300, 0.00000, 0.97003);(-0.00100, 0.00000, -0.02600);(0.00000, 0.00000, 0.97003);(-0.659, 0.887, 1.435);(-0.061, -0.133, 0.008, 0.989);(-1.369, 1.203, 4.000);Walls;
1.07857;(-0.03100, 0.00000, -0.02600);(0.24300, 0.00000, 0.97003);(0.02900, 0.00000, -0.02600);(-0.24300, 0.00000, 0.97003);(-0.00100, 0.00000, -0.02600);(0.00000, 0.00000, 0.97003);(-0.659, 0.887, 1.435);(-0.061, -0.133, 0.008, 0.989);(-1.369, 1.203, 4.000);Walls;
1.08824;(-0.03100, 0.00000, -0.02600);(0.24300, 0.00000, 0.97003);(0.02900, 0.00000, -0.02600);(-0.24300, 0.00000, 0.97003);(-0.00100, 0.00000, -0.02600);(0.00000, 0.00000, 0.97003);(-0.659, 0.887, 1.435);(-0.061, -0.133, 0.008, 0.989);(-1.369, 1.203, 4.000);Walls;
1.09620;(-0.03100, 0.00000, -0.02600);(0.24300, 0.00000, 0.97003);(0.02900, 0.00000, -0.02600);(-0.24300, 0.00000, 0.97003);(-0.00100, 0.00000, -0.02600);(0.00000, 0.00000, 0.97003);(-0.659, 0.887, 1.435);(-0.061, -0.133, 0.008, 0.989);(-1.369, 1.203, 4.000);Walls;
1.10475;(-0.03100, 0.00000, -0.02600);(0.24300, 0.00000, 0.97003);(0.02900, 0.00000, -0.02600);(-0.24300, 0.00000, 0.97003);(-0.00100, 0.00000, -0.02600);(0.00000, 0.00000, 0.97003);(-0.659, 0.887, 1.435);(-0.061, -0.133, 0.008, 0.989);(-1.369, 1.203, 4.000);Walls;
1.11373;(-0.03100, 0.00000, -0.02600);(0.24300, 0.00000, 0.97003);(0.02900, 0.00000, -0.02600);(-0.24300, 0.00000, 0.97003);(-0.00100, 0.00000, -0.02600);(0.00000, 0.00000, 0.97003);(-0.659, 0.887, 1.435);(-0.061, -0.133, 0.008, 0.989);(-1.369, 1.203, 4.000);Walls;
1.12397;(-0.03100, 0.00000, -0.02600);(0.24300, 0.00000, 0.97003);(0.02900, 0.00000, -0.02600);(-0.24300, 0.00000, 0.97003);(-0.00100, 0.00000, -0.02600);(0.00000, 0.00000, 0.97003);(-0.659, 0.887, 1.435);(-0.061, -0.133, 0.008, 0.989);(-1.369, 1.203, 4.000);Walls;
1.13044;(-0.03100, 0.00000, -0.02600);(0.24300, 0.00000, 0.97003);(0.02900, 0.00000, -0.02600);(-0.24300, 0.00000, 0.97003);(-0.00100, 0.00000, -0.02600);(0.00000, 0.00000, 0.97003);(-0.659, 0.887, 1.435);(-0.061, -0.133, 0.008, 0.989);(-1.369, 1.204, 4.000);Walls;
1.13971;(-0.03100, 0.00000, -0.02600);(0.24300, 0.00000, 0.97003);(0.02900, 0.00000, -0.02600);(-0.24300, 0.00000, 0.97003);(-0.00100, 0.00000, -0.02600);(0.00000, 0.00000, 0.97003);(-0.658, 0.887, 1.435);(-0.061, -0.133, 0.008, 0.989);(-1.368, 1.204, 4.000);Walls;
1.14772;(-0.03100, 0.00000, -0.02600);(0.24300, 0.00000, 0.97003);(0.02900, 0.00000, -0.02600);(-0.24300, 0.00000, 0.97003);(-0.00100, 0.00000, -0.02600);(0.00000, 0.00000, 0.97003);(-0.659, 0.887, 1.435);(-0.061, -0.133, 0.008, 0.989);(-1.369, 1.204, 4.000);Walls;
1.15664;(-0.03100, 0.00000, -0.02600);(0.24300, 0.00000, 0.97003);(0.02900, 0.00000, -0.02600);(-0.24300, 0.00000, 0.97003);(-0.00100, 0.00000, -0.02600);(0.00000, 0.00000, 0.97003);(-0.659, 0.887, 1.435);(-0.061, -0.133, 0.008, 0.989);(-1.369, 1.204, 4.000);Walls;
1.16542;(-0.03100, 0.00000, -0.02600);(0.24300, 0.00000, 0.97003);(0.02900, 0.00000, -0.02600);(-0.24300, 0.00000, 0.97003);(-0.00100, 0.00000, -0.02600);(0.00000, 0.00000, 0.97003);(-0.659, 0.887, 1.435);(-0.061, -0.133, 0.008, 0.989);(-1.369, 1.204, 4.000);Walls;
1.17381;(-0.03100, 0.00000, -0.02600);(0.24300, 0.00000, 0.97003);(0.02900, 0.00000, -0.02600);(-0.24300, 0.00000, 0.97003);(-0.00100, 0.00000, -0.02600);(0.00000, 0.00000, 0.97003);(-0.659, 0.887, 1.435);(-0.061, -0.133, 0.008, 0.989);(-1.368, 1.204, 4.000);Walls;
1.18263;(-0.03100, 0.00000, -0.02600);(0.24300, 0.00000, 0.97003);(0.02900, 0.00000, -0.02600);(-0.24300, 0.00000, 0.97003);(-0.00100, 0.00000, -0.02600);(0.00000, 0.00000, 0.97003);(-0.659, 0.887, 1.435);(-0.061, -0.133, 0.008, 0.989);(-1.368, 1.204, 4.000);Walls;
1.19147;(-0.03100, 0.00000, -0.02600);(0.24300, 0.00000, 0.97003);(0.02900, 0.00000, -0.02600);(-0.24300, 0.00000, 0.97003);(-0.00100, 0.00000, -0.02600);(0.00000, 0.00000, 0.97003);(-0.659, 0.887, 1.435);(-0.061, -0.133, 0.008, 0.989);(-1.368, 1.204, 4.000);Walls;
1.19919;(-0.03100, 0.00000, -0.02600);(0.24300, 0.00000, 0.97003);(0.02900, 0.00000, -0.02600);(-0.24300, 0.00000, 0.97003);(-0.00100, 0.00000, -0.02600);(0.00000, 0.00000, 0.97003);(-0.659, 0.887, 1.435);(-0.061, -0.133, 0.008, 0.989);(-1.368, 1.204, 4.000);Walls;
1.20813;(-0.03100, 0.00000, -0.02600);(0.24300, 0.00000, 0.97003);(0.02900, 0.00000, -0.02600);(-0.24300, 0.00000, 0.97003);(-0.00100, 0.00000, -0.02600);(0.00000, 0.00000, 0.97003);(-0.659, 0.887, 1.435);(-0.061, -0.133, 0.008, 0.989);(-1.369, 1.205, 4.000);Walls;
1.21605;(-0.03100, 0.00000, -0.02600);(0.24300, 0.00000, 0.97003);(0.02900, 0.00000, -0.02600);(-0.24300, 0.00000, 0.97003);(-0.00100, 0.00000, -0.02600);(0.00000, 0.00000, 0.97003);(-0.659, 0.887, 1.435);(-0.061, -0.133, 0.008, 0.989);(-1.369, 1.205, 4.000);Walls;
1.22432;(-0.03100, 0.00000, -0.02600);(0.24300, 0.00000, 0.97003);(0.02900, 0.00000, -0.02600);(-0.24300, 0.00000, 0.97003);(-0.00100, 0.00000, -0.02600);(0.00000, 0.00000, 0.97003);(-0.659, 0.887, 1.435);(-0.061, -0.133, 0.008, 0.989);(-1.369, 1.205, 4.000);Walls;
1.23264;(-0.03100, 0.00000, -0.02600);(0.24300, 0.00000, 0.97003);(0.02900, 0.00000, -0.02600);(-0.24300, 0.00000, 0.97003);(-0.00100, 0.00000, -0.02600);(0.00000, 0.00000, 0.97003);(-0.659, 0.887, 1.435);(-0.061, -0.133, 0.008, 0.989);(-1.369, 1.205, 4.000);Walls;
1.24089;(-0.03100, 0.00000, -0.02600);(0.24300, 0.00000, 0.97003);(0.02900, 0.00000, -0.02600);(-0.24300, 0.00000, 0.97003);(-0.00100, 0.00000, -0.02600);(0.00000, 0.00000, 0.97003);(-0.659, 0.887, 1.435);(-0.061, -0.133, 0.008, 0.989);(-1.369, 1.205, 4.000);Walls;
1.24964;(-0.03100, 0.00000, -0.02600);(0.24300, 0.00000, 0.97003);(0.02900, 0.00000, -0.02600);(-0.24300, 0.00000, 0.97003);(-0.00100, 0.00000, -0.02600);(0.00000, 0.00000, 0.97003);(-0.659, 0.887, 1.435);(-0.061, -0.133, 0.008, 0.989);(-1.369, 1.206, 4.000);Walls;
1.25849;(-0.03100, 0.00000, -0.02600);(0.24300, 0.00000, 0.97003);(0.02900, 0.00000, -0.02600);(-0.24300, 0.00000, 0.97003);(-0.00100, 0.00000, -0.02600);(0.00000, 0.00000, 0.97003);(-0.659, 0.887, 1.435);(-0.061, -0.133, 0.008, 0.989);(-1.369, 1.206, 4.000);Walls;
1.26641;(-0.03100, 0.00000, -0.02600);(0.24300, 0.00000, 0.97003);(0.02900, 0.00000, -0.02600);(-0.24300, 0.00000, 0.97003);(-0.00100, 0.00000, -0.02600);(0.00000, 0.00000, 0.97003);(-0.659, 0.887, 1.435);(-0.061, -0.133, 0.008, 0.989);(-1.368, 1.206, 4.000);Walls;
1.27540;(-0.03100, 0.00000, -0.02600);(0.24300, 0.00000, 0.97003);(0.02900, 0.00000, -0.02600);(-0.24300, 0.00000, 0.97003);(-0.00100, 0.00000, -0.02600);(0.00000, 0.00000, 0.97003);(-0.659, 0.887, 1.435);(-0.061, -0.133, 0.008, 0.989);(-1.368, 1.206, 4.000);Walls;
1.28344;(-0.03100, 0.00000, -0.02600);(0.24300, 0.00000, 0.97003);(0.02900, 0.00000, -0.02600);(-0.24300, 0.00000, 0.97003);(-0.00100, 0.00000, -0.02600);(0.00000, 0.00000, 0.97003);(-0.659, 0.887, 1.435);(-0.061, -0.133, 0.008, 0.989);(-1.368, 1.206, 4.000);Walls;
1.29144;(-0.03100, 0.00000, -0.02600);(0.24300, 0.00000, 0.97003);(0.02900, 0.00000, -0.02600);(-0.24300, 0.00000, 0.97003);(-0.00100, 0.00000, -0.02600);(0.00000, 0.00000, 0.97003);(-0.658, 0.887, 1.435);(-0.061, -0.133, 0.008, 0.989);(-1.368, 1.205, 4.000);Walls;
1.30026;(-0.03100, 0.00000, -0.02600);(0.24300, 0.00000, 0.97003);(0.02900, 0.00000, -0.02600);(-0.24300, 0.00000, 0.97003);(-0.00100, 0.00000, -0.02600);(0.00000, 0.00000, 0.97003);(-0.658, 0.887, 1.435);(-0.061, -0.133, 0.008, 0.989);(-1.368, 1.205, 4.000);Walls;
1.30840;(-0.03100, 0.00000, -0.02600);(0.24300, 0.00000, 0.97003);(0.02900, 0.00000, -0.02600);(-0.24300, 0.00000, 0.97003);(-0.00100, 0.00000, -0.02600);(0.00000, 0.00000, 0.97003);(-0.658, 0.887, 1.435);(-0.061, -0.133, 0.008, 0.989);(-1.368, 1.205, 4.000);Walls;
1.31667;(-0.03100, 0.00000, -0.02600);(0.24300, 0.00000, 0.97003);(0.02900, 0.00000, -0.02600);(-0.24300, 0.00000, 0.97003);(-0.00100, 0.00000, -0.02600);(0.00000, 0.00000, 0.97003);(-0.658, 0.887, 1.435);(-0.061, -0.133, 0.008, 0.989);(-1.368, 1.205, 4.000);Walls;
1.32716;(-0.03100, 0.00000, -0.02600);(0.24300, 0.00000, 0.97003);(0.02900, 0.00000, -0.02600);(-0.24300, 0.00000, 0.97003);(-0.00100, 0.00000, -0.02600);(0.00000, 0.00000, 0.97003);(-0.658, 0.886, 1.435);(-0.061, -0.133, 0.008, 0.989);(-1.368, 1.205, 4.000);Walls;
1.33388;(-0.03100, 0.00000, -0.02600);(0.24300, 0.00000, 0.97003);(0.02900, 0.00000, -0.02600);(-0.24300, 0.00000, 0.97003);(-0.00100, 0.00000, -0.02600);(0.00000, 0.00000, 0.97003);(-0.658, 0.887, 1.435);(-0.061, -0.133, 0.008, 0.989);(-1.368, 1.204, 4.000);Walls;
1.34261;(-0.03100, 0.00000, -0.02600);(0.24300, 0.00000, 0.97003);(0.02900, 0.00000, -0.02600);(-0.24300, 0.00000, 0.97003);(-0.00100, 0.00000, -0.02600);(0.00000, 0.00000, 0.97003);(-0.659, 0.887, 1.435);(-0.061, -0.133, 0.008, 0.989);(-1.368, 1.205, 4.000);Walls;
1.35069;(-0.03100, 0.00000, -0.02600);(0.24300, 0.00000, 0.97003);(0.02900, 0.00000, -0.02600);(-0.24300, 0.00000, 0.97003);(-0.00100, 0.00000, -0.02600);(0.00000, 0.00000, 0.97003);(-0.659, 0.887, 1.435);(-0.061, -0.133, 0.008, 0.989);(-1.368, 1.205, 4.000);Walls;
1.35881;(-0.03100, 0.00000, -0.02600);(0.24300, 0.00000, 0.97003);(0.02900, 0.00000, -0.02600);(-0.24300, 0.00000, 0.97003);(-0.00100, 0.00000, -0.02600);(0.00000, 0.00000, 0.97003);(-0.659, 0.887, 1.435);(-0.061, -0.133, 0.008, 0.989);(-1.368, 1.205, 4.000);Walls;
1.36767;(-0.03100, 0.00000, -0.02600);(0.24300, 0.00000, 0.97003);(0.02900, 0.00000, -0.02600);(-0.24300, 0.00000, 0.97003);(-0.00100, 0.00000, -0.02600);(0.00000, 0.00000, 0.97003);(-0.659, 0.887, 1.435);(-0.061, -0.133, 0.008, 0.989);(-1.368, 1.205, 4.000);Walls;
1.37563;(-0.03100, 0.00000, -0.02600);(0.24300, 0.00000, 0.97003);(0.02900, 0.00000, -0.02600);(-0.24300, 0.00000, 0.97003);(-0.00100, 0.00000, -0.02600);(0.00000, 0.00000, 0.97003);(-0.659, 0.887, 1.435);(-0.061, -0.133, 0.008, 0.989);(-1.368, 1.205, 4.000);Walls;
1.38379;(-0.03100, 0.00000, -0.02600);(0.24300, 0.00000, 0.97003);(0.02900, 0.00000, -0.02600);(-0.24300, 0.00000, 0.97003);(-0.00100, 0.00000, -0.02600);(0.00000, 0.00000, 0.97003);(-0.659, 0.887, 1.435);(-0.061, -0.133, 0.008, 0.989);(-1.368, 1.204, 4.000);Walls;
1.39268;(-0.03100, 0.00000, -0.02600);(0.24300, 0.00000, 0.97003);(0.02900, 0.00000, -0.02600);(-0.24300, 0.00000, 0.97003);(-0.00100, 0.00000, -0.02600);(0.00000, 0.00000, 0.97003);(-0.659, 0.888, 1.435);(-0.061, -0.133, 0.008, 0.989);(-1.368, 1.205, 4.000);Walls;
1.40049;(-0.03100, 0.00000, -0.02600);(0.24300, 0.00000, 0.97003);(0.02900, 0.00000, -0.02600);(-0.24300, 0.00000, 0.97003);(-0.00100, 0.00000, -0.02600);(0.00000, 0.00000, 0.97003);(-0.659, 0.887, 1.435);(-0.061, -0.133, 0.008, 0.989);(-1.368, 1.204, 4.000);Walls;
1.40927;(-0.03100, 0.00000, -0.02600);(0.24300, 0.00000, 0.97003);(0.02900, 0.00000, -0.02600);(-0.24300, 0.00000, 0.97003);(-0.00100, 0.00000, -0.02600);(0.00000, 0.00000, 0.97003);(-0.659, 0.887, 1.435);(-0.061, -0.133, 0.008, 0.989);(-1.368, 1.204, 4.000);Walls;
1.41705;(-0.03100, 0.00000, -0.02600);(0.24300, 0.00000, 0.97003);(0.02900, 0.00000, -0.02600);(-0.24300, 0.00000, 0.97003);(-0.00100, 0.00000, -0.02600);(0.00000, 0.00000, 0.97003);(-0.659, 0.887, 1.435);(-0.061, -0.133, 0.008, 0.989);(-1.369, 1.204, 4.000);Walls;
1.42495;(-0.03100, 0.00000, -0.02600);(0.24300, 0.00000, 0.97003);(0.02900, 0.00000, -0.02600);(-0.24300, 0.00000, 0.97003);(-0.00100, 0.00000, -0.02600);(0.00000, 0.00000, 0.97003);(-0.659, 0.887, 1.435);(-0.061, -0.133, 0.008, 0.989);(-1.369, 1.204, 4.000);Walls;
1.43382;(-0.03100, 0.00000, -0.02600);(0.24300, 0.00000, 0.97003);(0.02900, 0.00000, -0.02600);(-0.24300, 0.00000, 0.97003);(-0.00100, 0.00000, -0.02600);(0.00000, 0.00000, 0.97003);(-0.659, 0.887, 1.435);(-0.061, -0.133, 0.008, 0.989);(-1.369, 1.204, 4.000);Walls;
1.44196;(-0.03100, 0.00000, -0.02600);(0.24300, 0.00000, 0.97003);(0.02900, 0.00000, -0.02600);(-0.24300, 0.00000, 0.97003);(-0.00100, 0.00000, -0.02600);(0.00000, 0.00000, 0.97003);(-0.659, 0.887, 1.435);(-0.061, -0.133, 0.008, 0.989);(-1.369, 1.204, 4.000);Walls;
1.45002;(-0.03100, 0.00000, -0.02600);(0.24300, 0.00000, 0.97003);(0.02900, 0.00000, -0.02600);(-0.24300, 0.00000, 0.97003);(-0.00100, 0.00000, -0.02600);(0.00000, 0.00000, 0.97003);(-0.659, 0.887, 1.435);(-0.061, -0.133, 0.008, 0.989);(-1.369, 1.204, 4.000);Walls;
1.45910;(-0.03100, 0.00000, -0.02600);(0.24300, 0.00000, 0.97003);(0.02900, 0.00000, -0.02600);(-0.24300, 0.00000, 0.97003);(-0.00100, 0.00000, -0.02600);(0.00000, 0.00000, 0.97003);(-0.659, 0.887, 1.435);(-0.061, -0.133, 0.008, 0.989);(-1.369, 1.204, 4.000);Walls;
1.46693;(-0.03100, 0.00000, -0.02600);(0.24300, 0.00000, 0.97003);(0.02900, 0.00000, -0.02600);(-0.24300, 0.00000, 0.97003);(-0.00100, 0.00000, -0.02600);(0.00000, 0.00000, 0.97003);(-0.659, 0.887, 1.435);(-0.061, -0.133, 0.008, 0.989);(-1.369, 1.204, 4.000);Walls;
1.47575;(-0.03100, 0.00000, -0.02600);(0.24300, 0.00000, 0.97003);(0.02900, 0.00000, -0.02600);(-0.24300, 0.00000, 0.97003);(-0.00100, 0.00000, -0.02600);(0.00000, 0.00000, 0.97003);(-0.659, 0.887, 1.435);(-0.061, -0.133, 0.008, 0.989);(-1.368, 1.205, 4.000);Walls;
1.48373;(-0.03100, 0.00000, -0.02600);(0.24300, 0.00000, 0.97003);(0.02900, 0.00000, -0.02600);(-0.24300, 0.00000, 0.97003);(-0.00100, 0.00000, -0.02600);(0.00000, 0.00000, 0.97003);(-0.658, 0.887, 1.435);(-0.061, -0.133, 0.008, 0.989);(-1.368, 1.204, 4.000);Walls;
1.49195;(-0.03100, 0.00000, -0.02600);(0.24300, 0.00000, 0.97003);(0.02900, 0.00000, -0.02600);(-0.24300, 0.00000, 0.97003);(-0.00100, 0.00000, -0.02600);(0.00000, 0.00000, 0.97003);(-0.658, 0.887, 1.435);(-0.061, -0.133, 0.008, 0.989);(-1.368, 1.204, 4.000);Walls;
1.50059;(-0.03100, 0.00000, -0.02600);(0.24300, 0.00000, 0.97003);(0.02900, 0.00000, -0.02600);(-0.24300, 0.00000, 0.97003);(-0.00100, 0.00000, -0.02600);(0.00000, 0.00000, 0.97003);(-0.658, 0.887, 1.435);(-0.061, -0.133, 0.008, 0.989);(-1.368, 1.204, 4.000);Walls;
1.50907;(-0.03100, 0.00000, -0.02600);(0.24300, 0.00000, 0.97003);(0.02900, 0.00000, -0.02600);(-0.24300, 0.00000, 0.97003);(-0.00100, 0.00000, -0.02600);(0.00000, 0.00000, 0.97003);(-0.658, 0.887, 1.435);(-0.061, -0.133, 0.008, 0.989);(-1.368, 1.204, 4.000);Walls;
1.51731;(-0.03100, 0.00000, -0.02600);(0.24300, 0.00000, 0.97003);(0.02900, 0.00000, -0.02600);(-0.24300, 0.00000, 0.97003);(-0.00100, 0.00000, -0.02600);(0.00000, 0.00000, 0.97003);(-0.658, 0.887, 1.435);(-0.061, -0.133, 0.008, 0.989);(-1.368, 1.203, 4.000);Walls;
1.52839;(-0.03100, 0.00000, -0.02600);(0.24300, 0.00000, 0.97003);(0.02900, 0.00000, -0.02600);(-0.24300, 0.00000, 0.97003);(-0.00100, 0.00000, -0.02600);(0.00000, 0.00000, 0.97003);(-0.658, 0.887, 1.435);(-0.061, -0.133, 0.008, 0.989);(-1.368, 1.203, 4.000);Walls;
1.53581;(-0.03100, 0.00000, -0.02600);(0.24300, 0.00000, 0.97003);(0.02900, 0.00000, -0.02600);(-0.24300, 0.00000, 0.97003);(-0.00100, 0.00000, -0.02600);(0.00000, 0.00000, 0.97003);(-0.658, 0.887, 1.435);(-0.061, -0.133, 0.008, 0.989);(-1.368, 1.203, 4.000);Walls;
1.54386;(-0.03100, 0.00000, -0.02600);(0.24300, 0.00000, 0.97003);(0.02900, 0.00000, -0.02600);(-0.24300, 0.00000, 0.97003);(-0.00100, 0.00000, -0.02600);(0.00000, 0.00000, 0.97003);(-0.659, 0.887, 1.435);(-0.061, -0.133, 0.008, 0.989);(-1.368, 1.203, 4.000);Walls;
1.55282;(-0.03100, 0.00000, -0.02600);(0.24300, 0.00000, 0.97003);(0.02900, 0.00000, -0.02600);(-0.24300, 0.00000, 0.97003);(-0.00100, 0.00000, -0.02600);(0.00000, 0.00000, 0.97003);(-0.659, 0.887, 1.435);(-0.061, -0.133, 0.008, 0.989);(-1.368, 1.203, 4.000);Walls;
1.56046;(-0.03100, 0.00000, -0.02600);(0.24300, 0.00000, 0.97003);(0.02900, 0.00000, -0.02600);(-0.24300, 0.00000, 0.97003);(-0.00100, 0.00000, -0.02600);(0.00000, 0.00000, 0.97003);(-0.659, 0.887, 1.435);(-0.061, -0.133, 0.008, 0.989);(-1.368, 1.203, 4.000);Walls;
1.56914;(-0.03100, 0.00000, -0.02600);(0.24300, 0.00000, 0.97003);(0.02900, 0.00000, -0.02600);(-0.24300, 0.00000, 0.97003);(-0.00100, 0.00000, -0.02600);(0.00000, 0.00000, 0.97003);(-0.659, 0.887, 1.435);(-0.061, -0.133, 0.008, 0.989);(-1.368, 1.203, 4.000);Walls;
1.57685;(-0.03100, 0.00000, -0.02600);(0.24300, 0.00000, 0.97003);(0.02900, 0.00000, -0.02600);(-0.24300, 0.00000, 0.97003);(-0.00100, 0.00000, -0.02600);(0.00000, 0.00000, 0.97003);(-0.659, 0.887, 1.435);(-0.061, -0.133, 0.008, 0.989);(-1.368, 1.203, 4.000);Walls;
1.58508;(-0.03100, 0.00000, -0.02600);(0.24300, 0.00000, 0.97003);(0.02900, 0.00000, -0.02600);(-0.24300, 0.00000, 0.97003);(-0.00100, 0.00000, -0.02600);(0.00000, 0.00000, 0.97003);(-0.659, 0.887, 1.435);(-0.061, -0.133, 0.008, 0.989);(-1.368, 1.203, 4.000);Walls;
1.59386;(-0.03100, 0.00000, -0.02600);(0.24300, 0.00000, 0.97003);(0.02900, 0.00000, -0.02600);(-0.24300, 0.00000, 0.97003);(-0.00100, 0.00000, -0.02600);(0.00000, 0.00000, 0.97003);(-0.659, 0.887, 1.435);(-0.061, -0.133, 0.008, 0.989);(-1.368, 1.203, 4.000);Walls;
1.60162;(-0.03100, 0.00000, -0.02600);(0.24300, 0.00000, 0.97003);(0.02900, 0.00000, -0.02600);(-0.24300, 0.00000, 0.97003);(-0.00100, 0.00000, -0.02600);(0.00000, 0.00000, 0.97003);(-0.659, 0.887, 1.435);(-0.061, -0.133, 0.008, 0.989);(-1.368, 1.203, 4.000);Walls;
1.60986;(-0.03100, 0.00000, -0.02600);(0.24300, 0.00000, 0.97003);(0.02900, 0.00000, -0.02600);(-0.24300, 0.00000, 0.97003);(-0.00100, 0.00000, -0.02600);(0.00000, 0.00000, 0.97003);(-0.659, 0.887, 1.435);(-0.061, -0.133, 0.008, 0.989);(-1.368, 1.203, 4.000);Walls;
1.61841;(-0.03100, 0.00000, -0.02600);(0.24300, 0.00000, 0.97003);(0.02900, 0.00000, -0.02600);(-0.24300, 0.00000, 0.97003);(-0.00100, 0.00000, -0.02600);(0.00000, 0.00000, 0.97003);(-0.659, 0.887, 1.435);(-0.061, -0.133, 0.008, 0.989);(-1.368, 1.203, 4.000);Walls;
1.62633;(-0.03100, 0.00000, -0.02600);(0.24300, 0.00000, 0.97003);(0.02900, 0.00000, -0.02600);(-0.24300, 0.00000, 0.97003);(-0.00100, 0.00000, -0.02600);(0.00000, 0.00000, 0.97003);(-0.659, 0.887, 1.435);(-0.061, -0.133, 0.008, 0.989);(-1.367, 1.202, 4.000);Walls;
1.63545;(-0.03100, 0.00000, -0.02600);(0.24300, 0.00000, 0.97003);(0.02900, 0.00000, -0.02600);(-0.24300, 0.00000, 0.97003);(-0.00100, 0.00000, -0.02600);(0.00000, 0.00000, 0.97003);(-0.659, 0.887, 1.435);(-0.061, -0.133, 0.008, 0.989);(-1.367, 1.202, 4.000);Walls;
1.64326;(-0.03100, 0.00000, -0.02600);(0.24300, 0.00000, 0.97003);(0.02900, 0.00000, -0.02600);(-0.24300, 0.00000, 0.97003);(-0.00100, 0.00000, -0.02600);(0.00000, 0.00000, 0.97003);(-0.659, 0.887, 1.435);(-0.061, -0.133, 0.008, 0.989);(-1.367, 1.203, 4.000);Walls;
1.65168;(-0.03100, 0.00000, -0.02600);(0.24300, 0.00000, 0.97003);(0.02900, 0.00000, -0.02600);(-0.24300, 0.00000, 0.97003);(-0.00100, 0.00000, -0.02600);(0.00000, 0.00000, 0.97003);(-0.659, 0.887, 1.435);(-0.061, -0.133, 0.008, 0.989);(-1.367, 1.203, 4.000);Walls;
1.66077;(-0.03100, 0.00000, -0.02600);(0.24300, 0.00000, 0.97003);(0.02900, 0.00000, -0.02600);(-0.24300, 0.00000, 0.97003);(-0.00100, 0.00000, -0.02600);(0.00000, 0.00000, 0.97003);(-0.659, 0.887, 1.435);(-0.061, -0.133, 0.008, 0.989);(-1.367, 1.203, 4.000);Walls;
1.66902;(-0.03100, 0.00000, -0.02600);(0.24300, 0.00000, 0.97003);(0.02900, 0.00000, -0.02600);(-0.24300, 0.00000, 0.97003);(-0.00100, 0.00000, -0.02600);(0.00000, 0.00000, 0.97003);(-0.659, 0.887, 1.435);(-0.061, -0.133, 0.008, 0.989);(-1.367, 1.203, 4.000);Walls;
1.67718;(-0.03100, 0.00000, -0.02600);(0.24300, 0.00000, 0.97003);(0.02900, 0.00000, -0.02600);(-0.24300, 0.00000, 0.97003);(-0.00100, 0.00000, -0.02600);(0.00000, 0.00000, 0.97003);(-0.659, 0.887, 1.435);(-0.061, -0.133, 0.008, 0.989);(-1.367, 1.203, 4.000);Walls;
1.68613;(-0.03100, 0.00000, -0.02600);(0.24300, 0.00000, 0.97003);(0.02900, 0.00000, -0.02600);(-0.24300, 0.00000, 0.97003);(-0.00100, 0.00000, -0.02600);(0.00000, 0.00000, 0.97003);(-0.659, 0.887, 1.435);(-0.061, -0.133, 0.008, 0.989);(-1.367, 1.203, 4.000);Walls;
1.69381;(-0.03100, 0.00000, -0.02600);(0.24300, 0.00000, 0.97003);(0.02900, 0.00000, -0.02600);(-0.24300, 0.00000, 0.97003);(-0.00100, 0.00000, -0.02600);(0.00000, 0.00000, 0.97003);(-0.659, 0.887, 1.435);(-0.061, -0.133, 0.008, 0.989);(-1.367, 1.203, 4.000);Walls;
1.70255;(-0.03100, 0.00000, -0.02600);(0.24300, 0.00000, 0.97003);(0.02900, 0.00000, -0.02600);(-0.24300, 0.00000, 0.97003);(-0.00100, 0.00000, -0.02600);(0.00000, 0.00000, 0.97003);(-0.659, 0.887, 1.435);(-0.061, -0.133, 0.008, 0.989);(-1.367, 1.203, 4.000);Walls;
1.71047;(-0.03100, 0.00000, -0.02600);(0.24300, 0.00000, 0.97003);(0.02900, 0.00000, -0.02600);(-0.24300, 0.00000, 0.97003);(-0.00100, 0.00000, -0.02600);(0.00000, 0.00000, 0.97003);(-0.659, 0.887, 1.435);(-0.061, -0.133, 0.008, 0.989);(-1.367, 1.203, 4.000);Walls;
1.71846;(-0.03100, 0.00000, -0.02600);(0.24300, 0.00000, 0.97003);(0.02900, 0.00000, -0.02600);(-0.24300, 0.00000, 0.97003);(-0.00100, 0.00000, -0.02600);(0.00000, 0.00000, 0.97003);(-0.659, 0.887, 1.435);(-0.061, -0.133, 0.008, 0.989);(-1.367, 1.203, 4.000);Walls;
1.72889;(-0.03100, 0.00000, -0.02600);(0.24300, 0.00000, 0.97003);(0.02900, 0.00000, -0.02600);(-0.24300, 0.00000, 0.97003);(-0.00100, 0.00000, -0.02600);(0.00000, 0.00000, 0.97003);(-0.658, 0.887, 1.435);(-0.061, -0.133, 0.008, 0.989);(-1.367, 1.203, 4.000);Walls;
1.73627;(-0.03100, 0.00000, -0.02600);(0.24300, 0.00000, 0.97003);(0.02900, 0.00000, -0.02600);(-0.24300, 0.00000, 0.97003);(-0.00100, 0.00000, -0.02600);(0.00000, 0.00000, 0.97003);(-0.658, 0.887, 1.435);(-0.061, -0.133, 0.008, 0.989);(-1.367, 1.203, 4.000);Walls;
1.74411;(-0.03100, 0.00000, -0.02600);(0.24300, 0.00000, 0.97003);(0.02900, 0.00000, -0.02600);(-0.24300, 0.00000, 0.97003);(-0.00100, 0.00000, -0.02600);(0.00000, 0.00000, 0.97003);(-0.658, 0.887, 1.435);(-0.061, -0.133, 0.008, 0.989);(-1.367, 1.203, 4.000);Walls;
1.75324;(-0.03100, 0.00000, -0.02600);(0.24300, 0.00000, 0.97003);(0.02900, 0.00000, -0.02600);(-0.24300, 0.00000, 0.97003);(-0.00100, 0.00000, -0.02600);(0.00000, 0.00000, 0.97003);(-0.658, 0.887, 1.435);(-0.061, -0.133, 0.008, 0.989);(-1.367, 1.203, 4.000);Walls;
1.76126;(-0.03100, 0.00000, -0.02600);(0.24300, 0.00000, 0.97003);(0.02900, 0.00000, -0.02600);(-0.24300, 0.00000, 0.97003);(-0.00100, 0.00000, -0.02600);(0.00000, 0.00000, 0.97003);(-0.658, 0.887, 1.435);(-0.061, -0.133, 0.008, 0.989);(-1.367, 1.203, 4.000);Walls;
1.77007;(-0.03100, 0.00000, -0.02600);(0.24300, 0.00000, 0.97003);(0.02900, 0.00000, -0.02600);(-0.24300, 0.00000, 0.97003);(-0.00100, 0.00000, -0.02600);(0.00000, 0.00000, 0.97003);(-0.658, 0.887, 1.435);(-0.061, -0.133, 0.008, 0.989);(-1.367, 1.203, 4.000);Walls;
1.77881;(-0.03100, 0.00000, -0.02600);(0.24300, 0.00000, 0.97003);(0.02900, 0.00000, -0.02600);(-0.24300, 0.00000, 0.97003);(-0.00100, 0.00000, -0.02600);(0.00000, 0.00000, 0.97003);(-0.659, 0.887, 1.435);(-0.061, -0.133, 0.008, 0.989);(-1.368, 1.203, 4.000);Walls;
1.78711;(-0.03100, 0.00000, -0.02600);(0.24300, 0.00000, 0.97003);(0.02900, 0.00000, -0.02600);(-0.24300, 0.00000, 0.97003);(-0.00100, 0.00000, -0.02600);(0.00000, 0.00000, 0.97003);(-0.659, 0.887, 1.435);(-0.061, -0.133, 0.008, 0.989);(-1.368, 1.203, 4.000);Walls;
1.79570;(-0.03100, 0.00000, -0.02600);(0.24300, 0.00000, 0.97003);(0.02900, 0.00000, -0.02600);(-0.24300, 0.00000, 0.97003);(-0.00100, 0.00000, -0.02600);(0.00000, 0.00000, 0.97003);(-0.659, 0.887, 1.435);(-0.061, -0.133, 0.008, 0.989);(-1.367, 1.203, 4.000);Walls;
1.80387;(-0.03100, 0.00000, -0.02600);(0.24300, 0.00000, 0.97003);(0.02900, 0.00000, -0.02600);(-0.24300, 0.00000, 0.97003);(-0.00100, 0.00000, -0.02600);(0.00000, 0.00000, 0.97003);(-0.659, 0.887, 1.435);(-0.061, -0.133, 0.008, 0.989);(-1.368, 1.203, 4.000);Walls;
1.81172;(-0.03100, 0.00000, -0.02600);(0.24300, 0.00000, 0.97003);(0.02900, 0.00000, -0.02600);(-0.24300, 0.00000, 0.97003);(-0.00100, 0.00000, -0.02600);(0.00000, 0.00000, 0.97003);(-0.659, 0.887, 1.435);(-0.061, -0.133, 0.008, 0.989);(-1.368, 1.203, 4.000);Walls;
1.82066;(-0.03100, 0.00000, -0.02600);(0.24300, 0.00000, 0.97003);(0.02900, 0.00000, -0.02600);(-0.24300, 0.00000, 0.97003);(-0.00100, 0.00000, -0.02600);(0.00000, 0.00000, 0.97003);(-0.659, 0.887, 1.435);(-0.061, -0.133, 0.008, 0.989);(-1.368, 1.203, 4.000);Walls;
1.82838;(-0.03100, 0.00000, -0.02600);(0.24300, 0.00000, 0.97003);(0.02900, 0.00000, -0.02600);(-0.24300, 0.00000, 0.97003);(-0.00100, 0.00000, -0.02600);(0.00000, 0.00000, 0.97003);(-0.659, 0.887, 1.435);(-0.061, -0.133, 0.008, 0.989);(-1.368, 1.203, 4.000);Walls;
1.83721;(-0.03100, 0.00000, -0.02600);(0.24300, 0.00000, 0.97003);(0.02900, 0.00000, -0.02600);(-0.24300, 0.00000, 0.97003);(-0.00100, 0.00000, -0.02600);(0.00000, 0.00000, 0.97003);(-0.659, 0.887, 1.435);(-0.061, -0.133, 0.008, 0.989);(-1.368, 1.203, 4.000);Walls;
1.84575;(-0.03100, 0.00000, -0.02600);(0.24300, 0.00000, 0.97003);(0.02900, 0.00000, -0.02600);(-0.24300, 0.00000, 0.97003);(-0.00100, 0.00000, -0.02600);(0.00000, 0.00000, 0.97003);(-0.659, 0.887, 1.435);(-0.061, -0.133, 0.008, 0.989);(-1.368, 1.203, 4.000);Walls;
1.85407;(-0.03100, 0.00000, -0.02600);(0.24300, 0.00000, 0.97003);(0.02900, 0.00000, -0.02600);(-0.24300, 0.00000, 0.97003);(-0.00100, 0.00000, -0.02600);(0.00000, 0.00000, 0.97003);(-0.659, 0.887, 1.435);(-0.061, -0.133, 0.008, 0.989);(-1.368, 1.204, 4.000);Walls;
1.86293;(-0.03100, 0.00000, -0.02600);(0.24300, 0.00000, 0.97003);(0.02900, 0.00000, -0.02600);(-0.24300, 0.00000, 0.97003);(-0.00100, 0.00000, -0.02600);(0.00000, 0.00000, 0.97003);(-0.659, 0.887, 1.435);(-0.061, -0.133, 0.008, 0.989);(-1.368, 1.204, 4.000);Walls;
1.87189;(-0.03100, 0.00000, -0.02600);(0.24300, 0.00000, 0.97003);(0.02900, 0.00000, -0.02600);(-0.24300, 0.00000, 0.97003);(-0.00100, 0.00000, -0.02600);(0.00000, 0.00000, 0.97003);(-0.659, 0.887, 1.435);(-0.061, -0.133, 0.008, 0.989);(-1.368, 1.204, 4.000);Walls;
1.87980;(-0.03100, 0.00000, -0.02600);(0.24300, 0.00000, 0.97003);(0.02900, 0.00000, -0.02600);(-0.24300, 0.00000, 0.97003);(-0.00100, 0.00000, -0.02600);(0.00000, 0.00000, 0.97003);(-0.659, 0.887, 1.435);(-0.061, -0.133, 0.008, 0.989);(-1.368, 1.204, 4.000);Walls;
1.88915;(-0.03100, 0.00000, -0.02600);(0.24300, 0.00000, 0.97003);(0.02900, 0.00000, -0.02600);(-0.24300, 0.00000, 0.97003);(-0.00100, 0.00000, -0.02600);(0.00000, 0.00000, 0.97003);(-0.658, 0.887, 1.435);(-0.061, -0.133, 0.008, 0.989);(-1.367, 1.203, 4.000);Walls;
1.89698;(-0.03100, 0.00000, -0.02600);(0.24300, 0.00000, 0.97003);(0.02900, 0.00000, -0.02600);(-0.24300, 0.00000, 0.97003);(-0.00100, 0.00000, -0.02600);(0.00000, 0.00000, 0.97003);(-0.658, 0.887, 1.435);(-0.061, -0.133, 0.008, 0.989);(-1.367, 1.203, 4.000);Walls;
1.90542;(-0.03100, 0.00000, -0.02600);(0.24300, 0.00000, 0.97003);(0.02900, 0.00000, -0.02600);(-0.24300, 0.00000, 0.97003);(-0.00100, 0.00000, -0.02600);(0.00000, 0.00000, 0.97003);(-0.659, 0.887, 1.435);(-0.061, -0.133, 0.008, 0.989);(-1.368, 1.204, 4.000);Walls;
1.91421;(-0.03100, 0.00000, -0.02600);(0.24300, 0.00000, 0.97003);(0.02900, 0.00000, -0.02600);(-0.24300, 0.00000, 0.97003);(-0.00100, 0.00000, -0.02600);(0.00000, 0.00000, 0.97003);(-0.658, 0.887, 1.435);(-0.061, -0.133, 0.008, 0.989);(-1.368, 1.204, 4.000);Walls;
1.92263;(-0.03100, 0.00000, -0.02600);(0.24300, 0.00000, 0.97003);(0.02900, 0.00000, -0.02600);(-0.24300, 0.00000, 0.97003);(-0.00100, 0.00000, -0.02600);(0.00000, 0.00000, 0.97003);(-0.658, 0.887, 1.435);(-0.061, -0.133, 0.008, 0.989);(-1.367, 1.203, 4.000);Walls;
1.93256;(-0.03100, 0.00000, -0.02600);(0.24300, 0.00000, 0.97003);(0.02900, 0.00000, -0.02600);(-0.24300, 0.00000, 0.97003);(-0.00100, 0.00000, -0.02600);(0.00000, 0.00000, 0.97003);(-0.658, 0.887, 1.436);(-0.061, -0.133, 0.008, 0.989);(-1.367, 1.203, 4.000);Walls;
1.94031;(-0.03100, 0.00000, -0.02600);(0.24300, 0.00000, 0.97003);(0.02900, 0.00000, -0.02600);(-0.24300, 0.00000, 0.97003);(-0.00100, 0.00000, -0.02600);(0.00000, 0.00000, 0.97003);(-0.658, 0.887, 1.436);(-0.061, -0.133, 0.008, 0.989);(-1.367, 1.203, 4.000);Walls;
1.94802;(-0.03100, 0.00000, -0.02600);(0.24300, 0.00000, 0.97003);(0.02900, 0.00000, -0.02600);(-0.24300, 0.00000, 0.97003);(-0.00100, 0.00000, -0.02600);(0.00000, 0.00000, 0.97003);(-0.658, 0.887, 1.436);(-0.061, -0.133, 0.008, 0.989);(-1.367, 1.203, 4.000);Walls;
1.95709;(-0.03100, 0.00000, -0.02600);(0.24300, 0.00000, 0.97003);(0.02900, 0.00000, -0.02600);(-0.24300, 0.00000, 0.97003);(-0.00100, 0.00000, -0.02600);(0.00000, 0.00000, 0.97003);(-0.658, 0.887, 1.436);(-0.061, -0.133, 0.008, 0.989);(-1.367, 1.203, 4.000);Walls;
1.96596;(-0.03100, 0.00000, -0.02600);(0.24300, 0.00000, 0.97003);(0.02900, 0.00000, -0.02600);(-0.24300, 0.00000, 0.97003);(-0.00100, 0.00000, -0.02600);(0.00000, 0.00000, 0.97003);(-0.659, 0.887, 1.435);(-0.061, -0.133, 0.008, 0.989);(-1.368, 1.203, 4.000);Walls;
1.97425;(-0.03100, 0.00000, -0.02600);(0.24300, 0.00000, 0.97003);(0.02900, 0.00000, -0.02600);(-0.24300, 0.00000, 0.97003);(-0.00100, 0.00000, -0.02600);(0.00000, 0.00000, 0.97003);(-0.659, 0.887, 1.435);(-0.061, -0.133, 0.008, 0.989);(-1.368, 1.203, 4.000);Walls;
1.98299;(-0.03100, 0.00000, -0.02600);(0.24300, 0.00000, 0.97003);(0.02900, 0.00000, -0.02600);(-0.24300, 0.00000, 0.97003);(-0.00100, 0.00000, -0.02600);(0.00000, 0.00000, 0.97003);(-0.659, 0.887, 1.435);(-0.061, -0.133, 0.008, 0.989);(-1.368, 1.203, 4.000);Walls;
1.99216;(-0.03100, 0.00000, -0.02600);(0.24300, 0.00000, 0.97003);(0.02900, 0.00000, -0.02600);(-0.24300, 0.00000, 0.97003);(-0.00100, 0.00000, -0.02600);(0.00000, 0.00000, 0.97003);(-0.659, 0.887, 1.435);(-0.061, -0.133, 0.008, 0.989);(-1.368, 1.203, 4.000);Walls;
1.99993;(-0.03100, 0.00000, -0.02600);(0.24300, 0.00000, 0.97003);(0.02900, 0.00000, -0.02600);(-0.24300, 0.00000, 0.97003);(-0.00100, 0.00000, -0.02600);(0.00000, 0.00000, 0.97003);(-0.659, 0.887, 1.435);(-0.061, -0.133, 0.008, 0.989);(-1.368, 1.203, 4.000);Walls;
2.00867;(-0.03100, 0.00000, -0.02600);(0.24300, 0.00000, 0.97003);(0.02900, 0.00000, -0.02600);(-0.24300, 0.00000, 0.97003);(-0.00100, 0.00000, -0.02600);(0.00000, 0.00000, 0.97003);(-0.659, 0.887, 1.435);(-0.061, -0.133, 0.008, 0.989);(-1.368, 1.203, 4.000);Walls;
